movieId,title,top_tags,top_genome_tags,theme_text,religion_theme_proxy
36,Dead Man Walking (1995),death penalty | true story | nun | prison | sean penn | religion | susan sarandon | christianity,death penalty | death | crime | oscar (best actress) | murder,death penalty | true story | nun | prison | sean penn | religion | susan sarandon | christianity | death penalty | death | crime | oscar (best actress) | murder,True
49,When Night Is Falling (1995),lesbian | nudity (topless - notable) | gay | religion | patricia rozema | circus | own | nudity (topless),lesbian | love story | love | nudity (topless - notable) | beautifully filmed,lesbian | nudity (topless - notable) | gay | religion | patricia rozema | circus | own | nudity (topless) | lesbian | love story | love | nudity (topless - notable) | beautifully filmed,True
73,"Misérables, Les (1995)",world war ii | foreign language | opera | jewish | lawyer | adapted from:book | author:victor hugo | claude lelouch,adapted from:book | world war ii | beautifully filmed | jews | story,world war ii | foreign language | opera | jewish | lawyer | adapted from:book | author:victor hugo | claude lelouch | adapted from:book | world war ii | beautifully filmed | jews | story,True
121,"Boys of St. Vincent, The (1992)",child abuse | sexual abuse | based on a true story | cover up | true story | religion | police corruption | orphans,child abuse | disturbing | corruption | pornography | true story,child abuse | sexual abuse | based on a true story | cover up | true story | religion | police corruption | orphans | child abuse | disturbing | corruption | pornography | true story,True
147,"Basketball Diaries, The (1995)",leonardo dicaprio | drugs | based on a true story | addiction | escape | true story | catholicism | heroin,drug abuse | drug addiction | drugs | addiction | heroin,leonardo dicaprio | drugs | based on a true story | addiction | escape | true story | catholicism | heroin | drug abuse | drug addiction | drugs | addiction | heroin,True
188,"Prophecy, The (1995)",christopher walken | viggo mortensen | christianity | religion | slashy | best devil ever | jonossa | angel,god | religion | devil | christianity | dark fantasy,christopher walken | viggo mortensen | christianity | religion | slashy | best devil ever | jonossa | angel | god | religion | devil | christianity | dark fantasy,True
261,Little Women (1994),louisa may alcott | based on a book | winona ryder | adapted from:book | christian bale | kirsten dunst | chick flick | litterature adaptation,adapted from:book | family bonds | girlie movie | literature | costume drama,louisa may alcott | based on a book | winona ryder | adapted from:book | christian bale | kirsten dunst | chick flick | litterature adaptation | adapted from:book | family bonds | girlie movie | literature | costume drama,True
280,Murder in the First (1995),prison | alcatraz | christian slater | corruption | kevin bacon | gary oldman | courtroom setting | marc rocco,alcatraz | lawyers | prison | based on true story | corruption,prison | alcatraz | christian slater | corruption | kevin bacon | gary oldman | courtroom setting | marc rocco | alcatraz | lawyers | prison | based on true story | corruption,True
299,Priest (1994),gay | religion | queer | homosexuality | catholicism | christianity | robert carlyle | priest,catholicism | sexual abuse | homosexuality | gay | queer,gay | religion | queer | homosexuality | catholicism | christianity | robert carlyle | priest | catholicism | sexual abuse | homosexuality | gay | queer,True
302,"Queen Margot (Reine Margot, La) (1994)",16th century | history | massacre | nudity (full frontal) | netflix | religion | france | christianity,france | history | french | historical | costume drama,16th century | history | massacre | nudity (full frontal) | netflix | religion | france | christianity | france | history | french | historical | costume drama,True
394,Coldblooded (1995),underrated | jason priestley | less than 300 ratings,dark humor | violence | violent | cult classic | original,underrated | jason priestley | less than 300 ratings | dark humor | violence | violent | cult classic | original,True
555,True Romance (1993),violent | ensemble cast | violence | christian slater | christopher walken | patricia arquette | quentin tarantino | romance,highly quotable | violence | violent | ensemble cast | gratuitous violence,violent | ensemble cast | violence | christian slater | christopher walken | patricia arquette | quentin tarantino | romance | highly quotable | violence | violent | ensemble cast | gratuitous violence,True
718,"Visitors, The (Visiteurs, Les) (1993)",jean reno | middle ages | christian clavier | comedy | french film | jean-marie poiré | french,france | french | comedy | medieval | culture clash,jean reno | middle ages | christian clavier | comedy | french film | jean-marie poiré | french | france | french | comedy | medieval | culture clash,True
789,"I, the Worst of All (Yo, la peor de todas) (1990)",17th century | biopics | lesbian | writers at work | biography | catholicism | christianity | latin america,spanish | women | lesbian | pornography | writers,17th century | biopics | lesbian | writers at work | biography | catholicism | christianity | latin america | spanish | women | lesbian | pornography | writers,True
791,"Last Klezmer: Leopold Kozlowski, His Life and Music, The (1994)",yale strom | musicians,musicians | poland | holocaust | music | judaism,yale strom | musicians | musicians | poland | holocaust | music | judaism,True
816,Two Deaths (1995),,enigmatic | dialogue driven | original | judaism | photography, | enigmatic | dialogue driven | original | judaism | photography,True
917,"Little Princess, The (1939)",shirley temple | walter lang | bd-r | betamax | might like,based on a book | boarding school | childhood | classic | rags to riches,shirley temple | walter lang | bd-r | betamax | might like | based on a book | boarding school | childhood | classic | rags to riches,True
1027,Robin Hood: Prince of Thieves (1991),kevin costner | alan rickman | medieval | robin hood | sword fight | morgan freeman | christian slater | funny,adventure | medieval | sword fight | good | swashbuckler,kevin costner | alan rickman | medieval | robin hood | sword fight | morgan freeman | christian slater | funny | adventure | medieval | sword fight | good | swashbuckler,True
1032,Alice in Wonderland (1951),surreal | disney | dreamlike | fairy tale | surrealism | based on a book | lewis carroll | adapted from:book,disney animated feature | animation | cartoon | adapted from:book | rabbits,surreal | disney | dreamlike | fairy tale | surrealism | based on a book | lewis carroll | adapted from:book | disney animated feature | animation | cartoon | adapted from:book | rabbits,True
1037,"Lawnmower Man, The (1992)",cyberpunk | alternate reality | nudity (topless) | virtual reality | experiments gone awry | priest | science | sexuality,virtual reality | technology | futuristic | special effects | scifi,cyberpunk | alternate reality | nudity (topless) | virtual reality | experiments gone awry | priest | science | sexuality | virtual reality | technology | futuristic | special effects | scifi,True
1080,Monty Python's Life of Brian (1979),monty python | satire | british | parody | religion | hilarious | controversial | terry gilliam,jesus | british comedy | monty python | biblical | comedy,monty python | satire | british | parody | religion | hilarious | controversial | terry gilliam | jesus | british comedy | monty python | biblical | comedy,True
1087,Madame Butterfly (1995),,dramatic | opera | unusual plot structure | catholicism | spanish, | dramatic | opera | unusual plot structure | catholicism | spanish,True
1237,"Seventh Seal, The (Sjunde inseglet, Det) (1957)",death | existentialism | ingmar bergman | atmospheric | dreamlike | religion | medieval | swedish,death | life & death | criterion | meditative | existentialism,death | existentialism | ingmar bergman | atmospheric | dreamlike | religion | medieval | swedish | death | life & death | criterion | meditative | existentialism,True
1268,Pump Up the Volume (1990),censorship | christian slater | rebel | high school | nudity (topless - notable) | pirate radio | 1980s | radio,teen | teen movie | high school | teens | teenager,censorship | christian slater | rebel | high school | nudity (topless - notable) | pirate radio | 1980s | radio | teen | teen movie | high school | teens | teenager,True
1285,Heathers (1989),black comedy | dark comedy | teen movie | high school | winona ryder | serial killer | christian slater | cynical,teen movie | dark humor | high school | teen | teenager,black comedy | dark comedy | teen movie | high school | winona ryder | serial killer | christian slater | cynical | teen movie | dark humor | high school | teen | teenager,True
1287,Ben-Hur (1959),christianity | historical epic | oscar (best picture) | roman empire | rome | charlton heston | long | jesus,oscar (best supporting actor) | 70mm | imdb top 250 | oscar (best directing) | rome,christianity | historical epic | oscar (best picture) | roman empire | rome | charlton heston | long | jesus | oscar (best supporting actor) | 70mm | imdb top 250 | oscar (best directing) | rome,True
1345,Carrie (1976),stephen king | high school | religion | classic | eerie | tense | atmospheric | visceral,horror | adapted from:book | bullying | creepy | high school,stephen king | high school | religion | classic | eerie | tense | atmospheric | visceral | horror | adapted from:book | bullying | creepy | high school,True
1350,"Omen, The (1976)",antichrist | demons | horror | apocalypse | devil | christianity | religion | biblical,horror | devil | supernatural | scary | biblical,antichrist | demons | horror | apocalypse | devil | christianity | religion | biblical | horror | devil | supernatural | scary | biblical,True
1354,Breaking the Waves (1996),lars von trier | disturbing | nudity (full frontal) | male nudity | passionate | religion | nudity (full frontal - notable) | emily watson,love | loneliness | relationships | intimate | heartbreaking,lars von trier | disturbing | nudity (full frontal) | male nudity | passionate | religion | nudity (full frontal - notable) | emily watson | love | loneliness | relationships | intimate | heartbreaking,True
1363,"Preacher's Wife, The (1996)",christmas | courtney b. vance | denzel washington | gregory hines | jenifer lewis | loretta devine | whitney houston | religion,christmas | holiday | remake | original | romantic,christmas | courtney b. vance | denzel washington | gregory hines | jenifer lewis | loretta devine | whitney houston | religion | christmas | holiday | remake | original | romantic,True
1584,Contact (1997),sci-fi | jodie foster | space travel | aliens | religion | space | science | inspirational,space travel | science fiction | space | science | sci-fi,sci-fi | jodie foster | space travel | aliens | religion | space | science | inspirational | space travel | science fiction | space | science | sci-fi,True
1645,"Devil's Advocate, The (1997)",al pacino | keanu reeves | nudity (full frontal) | devil | charlize theron | religion | deal with the devil | surreal,devil | lawyers | lawyer | twist ending | great ending,al pacino | keanu reeves | nudity (full frontal) | devil | charlize theron | religion | deal with the devil | surreal | devil | lawyers | lawyer | twist ending | great ending,True
1685,"I Love You, I Love You Not (1996)",jewish identity | jude law | want to own | disappointing,coming of age | anti-semitism | coming-of-age | holocaust | original,jewish identity | jude law | want to own | disappointing | coming of age | anti-semitism | coming-of-age | holocaust | original,True
1694,"Apostle, The (1997)",religion | jesus | robert duvall | boring | revival | pentecostal | drama | duvall is superb,jesus | christianity | character study | god | religion,religion | jesus | robert duvall | boring | revival | pentecostal | drama | duvall is superb | jesus | christianity | character study | god | religion,True
1727,"Horse Whisperer, The (1998)",robert redford | horses | unfaithfulness | chick flick | horrible | seen at the cinema,horses | chick flick | love story | girlie movie | beautiful scenery,robert redford | horses | unfaithfulness | chick flick | horrible | seen at the cinema | horses | chick flick | love story | girlie movie | beautiful scenery,True
1730,Kundun (1997),colonialism | cinematography | dalai lama | martin scorsese | biography | buddhism | scorcese | tibet,cinematography | amazing cinematography | beautifully filmed | meditative | visual,colonialism | cinematography | dalai lama | martin scorsese | biography | buddhism | scorcese | tibet | cinematography | amazing cinematography | beautifully filmed | meditative | visual,True
1754,Fallen (1998),supernatural | denzel washington | unreliable narrators | religion | john goodman | fallen angel | boring | should've got more attention brilliant,supernatural | twist ending | thriller | great ending | twists & turns,supernatural | denzel washington | unreliable narrators | religion | john goodman | fallen angel | boring | should've got more attention brilliant | supernatural | twist ending | thriller | great ending | twists & turns,True
1814,"Price Above Rubies, A (1998)",,judaism | god | catholicism | jews | religion, | judaism | god | catholicism | jews | religion,True
1900,"Children of Heaven, The (Bacheha-Ye Aseman) (1997)",iran | brother sister relationship | competition | tehran | siblings | realistic | middle east | oscar nominee: foreign language (iran),iran | poverty | islam | children | foreign,iran | brother sister relationship | competition | tehran | siblings | realistic | middle east | oscar nominee: foreign language (iran) | iran | poverty | islam | children | foreign,True
1931,Mutiny on the Bounty (1935),oscar (best picture) | oscar (best directing) | afi 100 | charles laughton | clark gable | afi #86 | ships | christian,oscar (best picture) | historical | oscar (best directing) | history | christian,oscar (best picture) | oscar (best directing) | afi 100 | charles laughton | clark gable | afi #86 | ships | christian | oscar (best picture) | historical | oscar (best directing) | history | christian,True
1937,Going My Way (1944),oscar (best picture) | oscar (best actor) | oscar (best supporting actor) | oscar (best directing) | leo mccarey | barry fitzgerald | bing crosby | priest as protagonist,oscar (best supporting actor) | oscar (best picture) | oscar (best actor) | oscar (best directing) | oscar,oscar (best picture) | oscar (best actor) | oscar (best supporting actor) | oscar (best directing) | leo mccarey | barry fitzgerald | bing crosby | priest as protagonist | oscar (best supporting actor) | oscar (best picture) | oscar (best actor) | oscar (best directing) | oscar,True
1940,Gentleman's Agreement (1947),oscar (best picture) | anti-semitism | oscar (best directing) | gregory peck | judaism | oscar (best supporting actress) | brave | journalism,anti-semitism | oscar (best picture) | jews | judaism | oscar (best directing),oscar (best picture) | anti-semitism | oscar (best directing) | gregory peck | judaism | oscar (best supporting actress) | brave | journalism | anti-semitism | oscar (best picture) | jews | judaism | oscar (best directing),True
1997,"Exorcist, The (1973)",scary | horror | religion | possession | classic | exorcism | controversial | demons,horror | frightening | creepy | demons | scary,scary | horror | religion | possession | classic | exorcism | controversial | demons | horror | frightening | creepy | demons | scary,True
2022,"Last Temptation of Christ, The (1988)",jesus | christian | martin scorsese | based on a book | violence | good soundtrack | bible | christianity,jesus | biblical | god | christianity | controversial,jesus | christian | martin scorsese | based on a book | violence | good soundtrack | bible | christianity | jesus | biblical | god | christianity | controversial,True
2024,"Rapture, The (1991)",christianity | nudity (topless) | btaege | god | clv,god | christianity | religion | biblical | jesus,christianity | nudity (topless) | btaege | god | clv | god | christianity | religion | biblical | jesus,True
2062,"Governess, The (1998)",,amazing photography | obsession | period piece | judaism | original, | amazing photography | obsession | period piece | judaism | original,True
2070,Tender Mercies (1983),oscar (best actor) | faith | religion | robert duvall | spiritual journey | best performance:  robert duvall as mac sledge | bruce beresford | music,oscar (best actor) | character study | redemption | music | great acting,oscar (best actor) | faith | religion | robert duvall | spiritual journey | best performance:  robert duvall as mac sledge | bruce beresford | music | oscar (best actor) | character study | redemption | music | great acting,True
2084,Newsies (1992),christian bale | disney studios | disney | david moscow | gabriel damon | luke edwards | marty belafsky | max casella,dancing | musical | dance | music | great music,christian bale | disney studios | disney | david moscow | gabriel damon | luke edwards | marty belafsky | max casella | dancing | musical | dance | music | great music,True
2099,Song of the South (1946),disney | animation & live action interact (scene) | talking animals | controversial | hard to find | rabbits | bears | musical,cartoon | animals | slavery | disney | stereotypes,disney | animation & live action interact (scene) | talking animals | controversial | hard to find | rabbits | bears | musical | cartoon | animals | slavery | disney | stereotypes,True
2102,Steamboat Willie (1928),surreal | classic cheerful short | national film registry,cartoon | animation | animals | surreal | rabbits,surreal | classic cheerful short | national film registry | cartoon | animation | animals | surreal | rabbits,True
2138,Watership Down (1978),rabbits | violent | based on a book | animation | 2d animation | atmospheric | adapted from:book | life lessons,rabbits | based on a book | adapted from:book | animation | based on book,rabbits | violent | based on a book | animation | 2d animation | atmospheric | adapted from:book | life lessons | rabbits | based on a book | adapted from:book | animation | based on book,True
2141,"American Tail, An (1986)",can't remember | don bluth | amblin | fievel | animated | best jewish movies | cartoon | immigrants,animation | cartoon | animated | family | talking animals,can't remember | don bluth | amblin | fievel | animated | best jewish movies | cartoon | immigrants | animation | cartoon | animated | family | talking animals,True
2155,"Slums of Beverly Hills, The (1998)",coming of age | adolescence is hell | 1970s | class issues | drugs | hollywood | jewish family,coming of age | dysfunctional family | single father | coming-of-age | parenthood,coming of age | adolescence is hell | 1970s | class issues | drugs | hollywood | jewish family | coming of age | dysfunctional family | single father | coming-of-age | parenthood,True
2185,I Confess (1953),alfred hitchcock | hitchcock | bd-r | clv | priest as protagonist | tumey's dvds,hitchcock | police investigation | murder mystery | murder | guilt,alfred hitchcock | hitchcock | bd-r | clv | priest as protagonist | tumey's dvds | hitchcock | police investigation | murder mystery | murder | guilt,True
2235,One Man's Hero (1999),albert grimaldi | history | irish americans | irish catholics | mexico,,albert grimaldi | history | irish americans | irish catholics | mexico | ,True
2263,"Seventh Sign, The (1988)",religion | biblical | christianity | nudity (topless) | clv,biblical | supernatural | end of the world | god | thriller,religion | biblical | christianity | nudity (topless) | clv | biblical | supernatural | end of the world | god | thriller,True
2325,Orgazmo (1997),comedy | pornography | satire | trey parker | mormon | religion | ron jeremy | cult film,comedy | pornography | funny | stupid as hell | male nudity,comedy | pornography | satire | trey parker | mormon | religion | ron jeremy | cult film | comedy | pornography | funny | stupid as hell | male nudity,True
2334,"Siege, The (1998)",terrorism | jihad | torture | golden raspberry (worst actor) | r | prescient | racism | rendition,terrorism | islam | bombs | tom clancy | military,terrorism | jihad | torture | golden raspberry (worst actor) | r | prescient | racism | rendition | terrorism | islam | bombs | tom clancy | military,True
2394,"Prince of Egypt, The (1998)",story | religion | biblical | bible | dreamworks | slavery | animation | egypt,animation | biblical | animated | story | egypt,story | religion | biblical | bible | dreamworks | slavery | animation | egypt | animation | biblical | animated | story | egypt,True
2397,Mass Appeal (1984),catholicism,catholicism | mentor | gay | religion | original,catholicism | catholicism | mentor | gay | religion | original,True
2467,"Name of the Rose, The (Name der Rose, Der) (1986)",sean connery | medieval | monastery | religion | amateur detective | nudity (full frontal - notable) | nudity (topless) | eco,based on a book | adapted from:book | based on book | medieval | book,sean connery | medieval | monastery | religion | amateur detective | nudity (full frontal - notable) | nudity (topless) | eco | based on a book | adapted from:book | based on book | medieval | book,True
2483,"Day of the Beast, The (Día de la Bestia, El) (1995)",dark | satirical | end of the world | humorous | religion | stylized | campy | unlikely criminals,dark humor | dark | cult classic | spanish | macabre,dark | satirical | end of the world | humorous | religion | stylized | campy | unlikely criminals | dark humor | dark | cult classic | spanish | macabre,True
2494,"Last Days, The (1998)",holocaust | the shoah | historical | jewish holocaust | world war 2 | biography | true story | world war ii,holocaust | jews | nazis | world war ii | nazi,holocaust | the shoah | historical | jewish holocaust | world war 2 | biography | true story | world war ii | holocaust | jews | nazis | world war ii | nazi,True
2503,"Apple, The (Sib) (1998)",samira makhmalbaf | apple | twins | trapped or confined | social worker | saw (tool) | religion | overprotective parents,women | islam | criterion | iran | childhood,samira makhmalbaf | apple | twins | trapped or confined | social worker | saw (tool) | religion | overprotective parents | women | islam | criterion | iran | childhood,True
2577,Metroland (1997),christian bale | sexuality | based on a book | nudity (topless),midlife crisis | relationships | sexual | melancholic | adultery,christian bale | sexuality | based on a book | nudity (topless) | midlife crisis | relationships | sexual | melancholic | adultery,True
2590,Hideous Kinky (1998),nudity (topless) | road movie | road picture | nudity (topless - notable) | 100 essential female performances | road trip | tumey's dvds,nudity (topless - notable) | islam | cinematography | good soundtrack | culture clash,nudity (topless) | road movie | road picture | nudity (topless - notable) | 100 essential female performances | road trip | tumey's dvds | nudity (topless - notable) | islam | cinematography | good soundtrack | culture clash,True
2620,This Is My Father (1998),paul quinn | might like,irish | ireland | catholicism | storytelling | irish accent,paul quinn | might like | irish | ireland | catholicism | storytelling | irish accent,True
2662,"War of the Worlds, The (1953)",mars | religion | christianity | classic | aliens | alien invasion | classic monster | h.g. wells,sci fi | mars | scifi | science fiction | alien invasion,mars | religion | christianity | classic | aliens | alien invasion | classic monster | h.g. wells | sci fi | mars | scifi | science fiction | alien invasion,True
2697,My Son the Fanatic (1997),islam | england | muslim | om puri | rebellion | udayan prasad | immigrants | religion,islam | immigrants | solitude | character study | culture clash,islam | england | muslim | om puri | rebellion | udayan prasad | immigrants | religion | islam | immigrants | solitude | character study | culture clash,True
2736,Brighton Beach Memoirs (1986),adapted from b'way | based on a play | neil simon | jewish | betamax | comedy,based on a play | jewish | relationships | family | adaptation,adapted from b'way | based on a play | neil simon | jewish | betamax | comedy | based on a play | jewish | relationships | family | adaptation,True
2745,"Mission, The (1986)",colonialism | message | religion | christianity | priest | missionary | cinematography | massacre,oscar (best cinematography) | indians | golden palm | cinematography | latin america,colonialism | message | religion | christianity | priest | missionary | cinematography | massacre | oscar (best cinematography) | indians | golden palm | cinematography | latin america,True
2840,Stigmata (1999),jesus | christianity | thriller | controversial | religion | triller religion | stigmata | similar to sheitan,religion | jesus | christianity | god | catholicism,jesus | christianity | thriller | controversial | religion | triller religion | stigmata | similar to sheitan | religion | jesus | christianity | god | catholicism,True
2853,"Alice, Sweet Alice (a.k.a. Communion) (a.k.a. Holy Terror) (1976)",horror | mystery | serial killer | atmospheric | creepy | religion | setting:new jersey | vhs,creepy | horror | slasher | serial killer | police investigation,horror | mystery | serial killer | atmospheric | creepy | religion | setting:new jersey | vhs | creepy | horror | slasher | serial killer | police investigation,True
2904,Rain (1932),adapted from:book | adapted from:play | author:miss w. somerset maugham | death/fatality | protagonist is a priest | protagonist is a prostitute | rape | seealso:miss sadie thompson (1953),talky | based on a play | criterion | adapted from:book | silent,adapted from:book | adapted from:play | author:miss w. somerset maugham | death/fatality | protagonist is a priest | protagonist is a prostitute | rape | seealso:miss sadie thompson (1953) | talky | based on a play | criterion | adapted from:book | silent,True
2965,"Omega Code, The (1999)",christianity | vhs | robert marcarelli | based on a book | christian,christian | biblical | christianity | god | based on a book,christianity | vhs | robert marcarelli | based on a book | christian | christian | biblical | christianity | god | based on a book,True
2987,Who Framed Roger Rabbit? (1988),private detective | robert zemeckis | animation & live action interact | animation | christopher lloyd | cartoon-reality crossover | adventure | rabbits,cartoon | animation | rabbits | original | goofy,private detective | robert zemeckis | animation & live action interact | animation | christopher lloyd | cartoon-reality crossover | adventure | rabbits | cartoon | animation | rabbits | original | goofy,True
3003,Train of Life (Train de vie) (1998),world war ii | holocaust | train | trains,holocaust | jews | nazis | world war ii | jewish,world war ii | holocaust | train | trains | holocaust | jews | nazis | world war ii | jewish,True
3052,Dogma (1999),satire | kevin smith | religion | jay and silent bob | controversial | matt damon | comedy | jesus,view askew | jay and silent bob | god | catholicism | religion,satire | kevin smith | religion | jay and silent bob | controversial | matt damon | comedy | jesus | view askew | jay and silent bob | god | catholicism | religion,True
3053,"Messenger: The Story of Joan of Arc, The (1999)",biographical | milla jovovich | religion | mental illness | historical | history | luc besson | insanity,historical | france | history | god | religion,biographical | milla jovovich | religion | mental illness | historical | history | luc besson | insanity | historical | france | history | god | religion,True
3126,"End of the Affair, The (1955)",,god | catholicism | literature | talky | relationships, | god | catholicism | literature | talky | relationships,True
3179,Angela's Ashes (1999),adapted from:book | judaism | based on a book | catholicism | ireland | poverty | book | author:frank mccourt,adapted from:book | irish | ireland | based on a book | catholicism,adapted from:book | judaism | based on a book | catholicism | ireland | poverty | book | author:frank mccourt | adapted from:book | irish | ireland | based on a book | catholicism,True
3183,"Third Miracle, The (1999)",religion | ed harris | sleeper | reviewed,catholicism | religion | god | drama | redemption,religion | ed harris | sleeper | reviewed | catholicism | religion | god | drama | redemption,True
3241,"Cup, The (Phörpa) (1999)",soccer | buddhism | buddhist monks | khyentse norbu | ironic,soccer | storytelling | foreign | original | childhood,soccer | buddhism | buddhist monks | khyentse norbu | ironic | soccer | storytelling | foreign | original | childhood,True
3246,Malcolm X (1992),biographical | racism | denzel washington | islam | true story | biography | religion | bibliothek,islam | biographical | biopic | biography | segregation,biographical | racism | denzel washington | islam | true story | biography | religion | bibliothek | islam | biographical | biopic | biography | segregation,True
3247,Sister Act (1992),whoopi goldberg | nuns | choir | religion | maggie smith | bechdel test:pass | kathy najimy | vocalists,sisters | music | comedy | girlie movie | family,whoopi goldberg | nuns | choir | religion | maggie smith | bechdel test:pass | kathy najimy | vocalists | sisters | music | comedy | girlie movie | family,True
3248,Sister Act 2: Back in the Habit (1993),whoopi goldberg | nuns | musical | inspiring teacher | choir | highschool music teacher | christianity | lighthearted,sequels | good sequel | sequel | hip hop | music,whoopi goldberg | nuns | musical | inspiring teacher | choir | highschool music teacher | christianity | lighthearted | sequels | good sequel | sequel | hip hop | music,True
3251,Agnes of God (1985),religion | adapted from:play | stageplay | jane fonda | 3.5 | based on a play | catholicism | christianity,catholicism | drama | secrets | psychiatrist | mystery,religion | adapted from:play | stageplay | jane fonda | 3.5 | based on a play | catholicism | christianity | catholicism | drama | secrets | psychiatrist | mystery,True
3272,Bad Lieutenant (1992),harvey keitel | religion | drugs | police | police corruption | nudity (topless) | catholicism | heroin,drug addiction | drugs | drug abuse | controversial | catholicism,harvey keitel | religion | drugs | police | police corruption | nudity (topless) | catholicism | heroin | drug addiction | drugs | drug abuse | controversial | catholicism,True
3374,Daughters of the Dust (1991),1900s | african american | family | gullah | independent film | island | national film registry,island | women | dysfunctional family | lyrical | islam,1900s | african american | family | gullah | independent film | island | national film registry | island | women | dysfunctional family | lyrical | islam,True
3455,Buddy Boy (1999),catholicism | child abuse | christianity | nudity (topless) | religion | voyeurism | aidan gillen,,catholicism | child abuse | christianity | nudity (topless) | religion | voyeurism | aidan gillen | ,True
3456,"Color of Paradise, The (Rang-e khoda) (1999)",middle east | blindness | iran | majid majidi | iranian | disability | in netflix queue | divx,iran | islam | blindness | disability | beautifully filmed,middle east | blindness | iran | majid majidi | iranian | disability | in netflix queue | divx | iran | islam | blindness | disability | beautifully filmed,True
3469,Inherit the Wind (1960),courtroom drama | religion | evolution | spencer tracy | true story | great performances | fighting the system | earnest,dramatic | lawyers | imdb top 250 | courtroom | court,courtroom drama | religion | evolution | spencer tracy | true story | great performances | fighting the system | earnest | dramatic | lawyers | imdb top 250 | courtroom | court,True
3535,American Psycho (2000),psychology | christian bale | serial killer | insanity | violence | humorous | funny | psychological,serial killer | based on book | adapted from:book | based on a book | violence,psychology | christian bale | serial killer | insanity | violence | humorous | funny | psychological | serial killer | based on book | adapted from:book | based on a book | violence,True
3536,Keeping the Faith (2000),edward norton | religion | jenna elfman | ben stiller | interesting | narrated | priest | rabbi,romantic comedy | chick flick | romantic | comedy | good romantic comedies,edward norton | religion | jenna elfman | ben stiller | interesting | narrated | priest | rabbi | romantic comedy | chick flick | romantic | comedy | good romantic comedies,True
3538,East is East (1999),british | cultural clash | 1970s | adapted from:play | filmfour | homosexuality | immigrants | r,islam | british comedy | british | race issues | culture clash,british | cultural clash | 1970s | adapted from:play | filmfour | homosexuality | immigrants | r | islam | british comedy | british | race issues | culture clash,True
3539,"Filth and the Fury, The (2000)",sex pistols | 2 | julien temple,rock and roll | music | awesome soundtrack | intimate | pornography,sex pistols | 2 | julien temple | rock and roll | music | awesome soundtrack | intimate | pornography,True
3566,"Big Kahuna, The (2000)",christianity | entirely dialogue | movie to see | john swanbeck | own | business | religion | danny devito,dialogue | existentialism | religion | talky | original,christianity | entirely dialogue | movie to see | john swanbeck | own | business | religion | danny devito | dialogue | existentialism | religion | talky | original,True
3593,Battlefield Earth (2000),aliens | scientologist | stupid | bad special effects | incoherent | religion | waste of celluloid | forest whitaker,scifi cult | sci-fi | alien | sci fi | horrible,aliens | scientologist | stupid | bad special effects | incoherent | religion | waste of celluloid | forest whitaker | scifi cult | sci-fi | alien | sci fi | horrible,True
3725,American Pop (1981),rotoscoping | best jewish movies | ralph bakshi | bd-r,animation | animated | music | good soundtrack | rock and roll,rotoscoping | best jewish movies | ralph bakshi | bd-r | animation | animated | music | good soundtrack | rock and roll,True
3744,Shaft (2000),samuel l.jackson | christian bale | blaxploitation | remake | john singleton | samuel l. jackson | netflix | erlend's dvds,kick-butt women | remake | action | vigilante | cool,samuel l.jackson | christian bale | blaxploitation | remake | john singleton | samuel l. jackson | netflix | erlend's dvds | kick-butt women | remake | action | vigilante | cool,True
3791,Footloose (1984),dancing | kevin bacon | teen | rock and roll | coming-of-age | classic | religion | dance,dancing | small town | dance | teen movie | teen,dancing | kevin bacon | teen | rock and roll | coming-of-age | classic | religion | dance | dancing | small town | dance | teen movie | teen,True
3857,Bless the Child (2000),child | child murder | demons | gang | heroine | jimmy smits | lucifer | religion,devil | supernatural | god | religion | special effects,child | child murder | demons | gang | heroine | jimmy smits | lucifer | religion | devil | supernatural | god | religion | special effects,True
3879,"Art of War, The (2000)",christian duguay | betrayal | gambling club | hong kong | intrigue | new york | nudity | over-the-top action,action | good action | united nations | fight scenes | conspiracy,christian duguay | betrayal | gambling club | hong kong | intrigue | new york | nudity | over-the-top action | action | good action | united nations | fight scenes | conspiracy,True
3952,"Contender, The (2000)",gary oldman | joan allen | politics | jeff bridges | political drama | thriller | christian slater | no less than a 4.5,world politics | political | politics | president | political corruption,gary oldman | joan allen | politics | jeff bridges | political drama | thriller | christian slater | no less than a 4.5 | world politics | political | politics | president | political corruption,True
3983,You Can Count on Me (2000),family | realistic | slow | mother-son relationship | sibling relationships | small town | laura linney | religion,independent film | small town | great acting | relationships | melancholic,family | realistic | slow | mother-son relationship | sibling relationships | small town | laura linney | religion | independent film | small town | great acting | relationships | melancholic,True
3989,One Day in September (1999),true story | terrorism | anti-semitism | germany | olympics | massacre | religion | r,germany | olympics | israel | german | hostage,true story | terrorism | anti-semitism | germany | olympics | massacre | religion | r | germany | olympics | israel | german | hostage,True
4000,"Bounty, The (1984)",mel gibson | roger donaldson | betamax | anthony hopkins,historical | oscar (best directing) | factual | christian | us history,mel gibson | roger donaldson | betamax | anthony hopkins | historical | oscar (best directing) | factual | christian | us history,True
4046,Friendly Persuasion (1956),quakers | civil war | william wyler | comedy | romance | american civil war | religion | bd-r,civil war | gunfight | drama | oscar (best directing) | family,quakers | civil war | william wyler | comedy | romance | american civil war | religion | bd-r | civil war | gunfight | drama | oscar (best directing) | family,True
4067,Untamed Heart (1993),christian slater | outcast teaches us all a cheesy lesson | christmas,love story | romantic | love | romance | touching,christian slater | outcast teaches us all a cheesy lesson | christmas | love story | romantic | love | romance | touching,True
4103,Empire of the Sun (1987),world war ii | christian bale | steven spielberg | based on a book | john malkovich | china | prison | based on a true story,world war ii | innocence lost | wwii | wartime | drama,world war ii | christian bale | steven spielberg | based on a book | john malkovich | china | prison | based on a true story | world war ii | innocence lost | wwii | wartime | drama,True
4142,Left Behind: The Movie (2000),christian | propaganda | christianity | jesus | apocalypse | bible | biblical | salvation,christian | biblical | god | based on a book | jesus,christian | propaganda | christianity | jesus | apocalypse | bible | biblical | salvation | christian | biblical | god | based on a book | jesus,True
4159,3000 Miles to Graceland (2001),not to be taken seriously | kevin costner | elvis iconography | kurt russell | demian lichtenstein | r | sexuality | christian slater,action | heist | violent | violence | las vegas,not to be taken seriously | kevin costner | elvis iconography | kurt russell | demian lichtenstein | r | sexuality | christian slater | action | heist | violent | violence | las vegas,True
4174,Avalon (1990),immigrants | barry levinson | armin mueller-stahl | family gatherings | television | salespeople | jewish family | immigrant experience,immigrants | family | family bonds | relationships | nostalgic,immigrants | barry levinson | armin mueller-stahl | family gatherings | television | salespeople | jewish family | immigrant experience | immigrants | family | family bonds | relationships | nostalgic,True
4178,Of Mice and Men (1939),adapted from:book | author:steinbeck | based on a book | home of their own | rabbits | vagabond | lewis milestone | humane,adapted from:book | classic | oscar (best actor) | oscar (best directing) | based on a book,adapted from:book | author:steinbeck | based on a book | home of their own | rabbits | vagabond | lewis milestone | humane | adapted from:book | classic | oscar (best actor) | oscar (best directing) | based on a book,True
4187,Lilies of the Field (1963),oscar (best actor) | religious | sidney poitier | singing | ralph nelson | 60s | catholic | chapel,oscar (best actor) | great acting | imdb top 250 | oscar (best directing) | oscar winner,oscar (best actor) | religious | sidney poitier | singing | ralph nelson | 60s | catholic | chapel | oscar (best actor) | great acting | imdb top 250 | oscar (best directing) | oscar winner,True
4188,Hans Christian Andersen (1952),danny kaye | ballet | hans christian andersen | charles vidor | writers | bd-r | historically inaccurate | unhistorical,fairy tale | musical | fairy tales | children | storytelling,danny kaye | ballet | hans christian andersen | charles vidor | writers | bd-r | historically inaccurate | unhistorical | fairy tale | musical | fairy tales | children | storytelling,True
4189,"Greatest Story Ever Told, The (1965)",jesus | christian | religion | biblical | christianity | jesus christ | dvd-ram | slow,biblical | jesus | christian | christianity | god,jesus | christian | religion | biblical | christianity | jesus christ | dvd-ram | slow | biblical | jesus | christian | christianity | god,True
4190,Elmer Gantry (1960),christianity | richard brooks | revival | preacher | religion | oscar (best actor) | oscar (best supporting actress) | better not see but not so bad after all,oscar (best supporting actress) | oscar (best actor) | religion | christianity | oscar (best directing),christianity | richard brooks | revival | preacher | religion | oscar (best actor) | oscar (best supporting actress) | better not see but not so bad after all | oscar (best supporting actress) | oscar (best actor) | religion | christianity | oscar (best directing),True
4192,Demetrius and the Gladiators (1954),classical studies | sword and sandal | bd-r,christian | sequels | rome | biblical | light,classical studies | sword and sandal | bd-r | christian | sequels | rome | biblical | light,True
4250,"Body, The (2001)",christian | faith | jonas mccord | christianity | drama | israel | mystery | religion,christian | religion | christianity | jesus | israel,christian | faith | jonas mccord | christianity | drama | israel | mystery | religion | christian | religion | christianity | jesus | israel,True
4252,"Circle, The (Dayereh) (2000)",jafar panahi,women | iran | islam | bleak | criterion,jafar panahi | women | iran | islam | bleak | criterion,True
4392,Alice (1990),new york city | woody allen | mia farrow | dvd-video | erlend's dvds | 15.01.06 | bibliothek | seen,magic realism | catholicism | original | new york | satirical,new york city | woody allen | mia farrow | dvd-video | erlend's dvds | 15.01.06 | bibliothek | seen | magic realism | catholicism | original | new york | satirical,True
4424,"Garden of the Finzi-Continis, The (Giardino dei Finzi-Contini, Il) (1970)",italy | vittorio de sica | jewish | betamax | oscar (best foreign language film),jews | holocaust | fascism | world war ii | innocence lost,italy | vittorio de sica | jewish | betamax | oscar (best foreign language film) | jews | holocaust | fascism | world war ii | innocence lost,True
4475,"Beast of War, The (Beast, The) (1988)",kevin reynolds | walked out: violent | want | afghanistan | soviet | tank | war | creepy,war | best war films | war movie | islam | russian,kevin reynolds | walked out: violent | want | afghanistan | soviet | tank | war | creepy | war | best war films | war movie | islam | russian,True
4597,Gleaming the Cube (1989),christian slater | skateboarding,80s | fun movie | cool | original | teen movie,christian slater | skateboarding | 80s | fun movie | cool | original | teen movie,True
4612,Jesus of Montreal (Jésus de Montréal) (1989),jesus | christianity | cannes:jury prize | character portrays jesus | breakthroughs | reciprocal spectator | comedy | cynicism,jesus | christianity | oscar (best foreign language film) | male nudity | religion,jesus | christianity | cannes:jury prize | character portrays jesus | breakthroughs | reciprocal spectator | comedy | cynicism | jesus | christianity | oscar (best foreign language film) | male nudity | religion,True
4688,Black Robe (1991),17th century | bruce beresford | colonialism | catholicism | history | native americans | canada | author:brian moore,native americans | indians | catholicism | culture clash | religion,17th century | bruce beresford | colonialism | catholicism | history | native americans | canada | author:brian moore | native americans | indians | catholicism | culture clash | religion,True
4694,Left Luggage (1998),holocaust | nudity (topless),holocaust | jews | anti-semitism | jewish | judaism,holocaust | nudity (topless) | holocaust | jews | anti-semitism | jewish | judaism,True
4727,Captain Corelli's Mandolin (2001),nicolas cage | utterly fails to do justice to the book | christian bale | penelope cruz | silly title | based on a book | nudity (topless) | world war ii,based on a book | world war ii | wwii | wartime | love story,nicolas cage | utterly fails to do justice to the book | christian bale | penelope cruz | silly title | based on a book | nudity (topless) | world war ii | based on a book | world war ii | wwii | wartime | love story,True
4780,Liam (2000),,jews | fascism | irish | anti-semitism | catholicism, | jews | fascism | irish | anti-semitism | catholicism,True
4781,Megiddo: The Omega Code 2 (2001),,god | christian | biblical | jesus | christianity, | god | christian | biblical | jesus | christianity,True
4857,Fiddler on the Roof (1971),judaism | tradition! | socially relevant | persecution | musical | childhood classics | oscar (best cinematography) | anamorphic blow-up,jews | oscar (best cinematography) | music | musical | judaism,judaism | tradition! | socially relevant | persecution | musical | childhood classics | oscar (best cinematography) | anamorphic blow-up | jews | oscar (best cinematography) | music | musical | judaism,True
4862,Not Without My Daughter (1991),brian gilbert,islam | iran | women | based on true story | culture clash,brian gilbert | islam | iran | women | based on true story | culture clash,True
4871,Focus (2001),to-rent | bd-r,anti-semitism | jews | spelling bee | prejudice | jewish,to-rent | bd-r | anti-semitism | jews | spelling bee | prejudice | jewish,True
4884,Trembling Before G-d (2001),gay | jewish | lgbt | queer | hasidim | thoughtful | documentary | israel,glbt | judaism | gay | israel | homosexuality,gay | jewish | lgbt | queer | hasidim | thoughtful | documentary | israel | glbt | judaism | gay | israel | homosexuality,True
4977,Kandahar (Safar e Ghandehar) (2001),mohsen makhmalbaf | perrot library | 12-5-2007,islam | women | iran | desert | intimate,mohsen makhmalbaf | perrot library | 12-5-2007 | islam | women | iran | desert | intimate,True
5009,Ali (2001),boxing | biography | will smith | biographical? | sport:boxing | topic:muhammed ali | good biopic | bob*ola,biopic | biographical | biography | islam | boxing,boxing | biography | will smith | biographical? | sport:boxing | topic:muhammed ali | good biopic | bob*ola | biopic | biographical | biography | islam | boxing,True
5012,Yentl (1983),judaism | cross dressing | gender disguise | woman disguised as men | cross dressing women | impostor | religion | religious oppression,musical | judaism | women | mentor | original,judaism | cross dressing | gender disguise | woman disguised as men | cross dressing women | impostor | religion | religious oppression | musical | judaism | women | mentor | original,True
5064,The Count of Monte Cristo (2002),revenge | amazing cinematography | based on a book | fantasy | prison escape | adventure | remake | religion,adapted from:book | based on a book | betrayal | swashbuckler | revenge,revenge | amazing cinematography | based on a book | fantasy | prison escape | adventure | remake | religion | adapted from:book | based on a book | betrayal | swashbuckler | revenge,True
5097,Bright Eyes (1934),shirley temple | david butler | bd-r | might like,kids and family | 1930s | pornography | oscar (best actress) | original,shirley temple | david butler | bd-r | might like | kids and family | 1930s | pornography | oscar (best actress) | original,True
5098,Dimples (1936),shirley temple | william a. seiter,sacrifice | stereotypes | cute | original | 1930s,shirley temple | william a. seiter | sacrifice | stereotypes | cute | original | 1930s,True
5099,Heidi (1937),shirley temple | allan dwan | bd-r | clv,childhood | family | sweet | witches | classic,shirley temple | allan dwan | bd-r | clv | childhood | family | sweet | witches | classic,True
5157,"Church, The (Chiesa, La) (1989)",religion,demons | splatter | weird | ominous | devil,religion | demons | splatter | weird | ominous | devil,True
5213,"Oh, God! Book II (1980)",christianity | religion,god | christianity | religion | christian | original,christianity | religion | god | christianity | religion | christian | original,True
5214,"Oh, God! (1977)",god | john denver | based on a book | los angeles | oscar nominee: adapted screenplay | pg | supermarket | get,god | biblical | based on a book | religion | jesus,god | john denver | based on a book | los angeles | oscar nominee: adapted screenplay | pg | supermarket | get | god | biblical | based on a book | religion | jesus,True
5227,Barabbas (1961),biblical | classical studies | richard fleischer | 70mm | bd-r | super technirama 70,biblical | jesus | christian | rome | christianity,biblical | classical studies | richard fleischer | 70mm | bd-r | super technirama 70 | biblical | jesus | christian | rome | christianity,True
5231,Road to Morocco (1942),david butler | afi 100 (laughs) | bob hope | national film registry,road movie | utopia | silly fun | islam | screwball,david butler | afi 100 (laughs) | bob hope | national film registry | road movie | utopia | silly fun | islam | screwball,True
5256,Stolen Summer (2002),project greenlight | 70s | catholic | chicago | god | irish | jesus | jewish,catholicism | irish | series | religion | judaism,project greenlight | 70s | catholic | chicago | god | irish | jesus | jewish | catholicism | irish | series | religion | judaism,True
5294,Frailty (2001),twist ending | religion | serial killer | mission from god | insanity | religious | bill paxton | dumbest twist ever,serial killer | twist ending | insanity | single father | original,twist ending | religion | serial killer | mission from god | insanity | religious | bill paxton | dumbest twist ever | serial killer | twist ending | insanity | single father | original,True
5318,Joshua (2002),christianity | stranger | jesus christ | small town,,christianity | stranger | jesus christ | small town | ,True
5379,"Believer, The (2001)",anti-semitism | skinhead | sundance award winner | ryan gosling | nudity (topless) | sundance grand jury prize: dramatic 2001 | self-hatred | on dvr,judaism | anti-semitism | jews | powerful ending | holocaust,anti-semitism | skinhead | sundance award winner | ryan gosling | nudity (topless) | sundance grand jury prize: dramatic 2001 | self-hatred | on dvr | judaism | anti-semitism | jews | powerful ending | holocaust,True
5421,"Dangerous Lives of Altar Boys, The (2002)",kieran culkin | catholicism | christianity | typical coming of age story | religion | jena malone | private school | revenge,catholicism | adolescence | coming-of-age | coming of age | original,kieran culkin | catholicism | christianity | typical coming of age story | religion | jena malone | private school | revenge | catholicism | adolescence | coming-of-age | coming of age | original,True
5463,Reign of Fire (2002),dragons | post-apocalyptic | christian bale | dragon | post apocalyptic | matthew mcconaughey | bad plot | dystopia,dragons | post-apocalyptic | post apocalyptic | fantasy | action,dragons | post-apocalyptic | christian bale | dragon | post apocalyptic | matthew mcconaughey | bad plot | dystopia | dragons | post-apocalyptic | post apocalyptic | fantasy | action,True
5512,Secret Ballot (Raye makhfi) (2001),babak payami,iran | desert | independent film | brutality | islam,babak payami | iran | desert | independent film | brutality | islam,True
5599,Tabu: A Story of the South Seas (1931),f.w. murnau | oscar (best cinematography) | swimming | sailing ships | religion | primitive peoples | pearl | on dvr,,f.w. murnau | oscar (best cinematography) | swimming | sailing ships | religion | primitive peoples | pearl | on dvr | ,True
5721,"Chosen, The (1981)",judaism | chaim potok | adapted from:book | author:chaim potok | bildungsroman | jamie's dad's favourites | father-son relationship | friendship,jews | judaism | adapted from:book | friendship | unlikely friendships,judaism | chaim potok | adapted from:book | author:chaim potok | bildungsroman | jamie's dad's favourites | father-son relationship | friendship | jews | judaism | adapted from:book | friendship | unlikely friendships,True
5756,Heartbeeps (1981),android(s)/cyborg(s) | animal:bear | animal:rabbit | animal:racoon | bechdel test:fail | crime-fighting/police robot | death/fatality,,android(s)/cyborg(s) | animal:bear | animal:rabbit | animal:racoon | bechdel test:fail | crime-fighting/police robot | death/fatality | ,True
5793,Time Changer (2002),christian pabulum | acting | christian | christianity | dialogue | god | jesus | morality,,christian pabulum | acting | christian | christianity | dialogue | god | jesus | morality | ,True
5799,Exodus (1960),classic | paul newman | 70mm | jill haworth | slow | suspense | too long | otto preminger,israel | jews | holocaust | anti-semitism | jewish,classic | paul newman | 70mm | jill haworth | slow | suspense | too long | otto preminger | israel | jews | holocaust | anti-semitism | jewish,True
5813,"God is Great, I'm Not (Dieu est grand, je suis toute petite) (2001)",nudity (topless - brief) | on dvr | religion | religious conversion | spiritual journey,,nudity (topless - brief) | on dvr | religion | religious conversion | spiritual journey | ,True
5818,"Crime of Father Amaro, The (Crimen del padre Amaro, El) (2002)",based on a book | catholicism | christianity | corruption | mexico | nudity (topless) | religion | emotion! -  ana claudia talancã³n,latin america | catholicism | religion | based on a book | controversial,based on a book | catholicism | christianity | corruption | mexico | nudity (topless) | religion | emotion! -  ana claudia talancã³n | latin america | catholicism | religion | based on a book | controversial,True
5832,Left Behind II: Tribulation Force (2002),christian | propaganda | christianity | religion | evangelical christian trash | based on a book | jesus | salvation,christian | god | jesus | biblical | christianity,christian | propaganda | christianity | religion | evangelical christian trash | based on a book | jesus | salvation | christian | god | jesus | biblical | christianity,True
5879,Eight Crazy Nights (Adam Sandler's Eight Crazy Nights) (2002),judaism | adam sandler | hanukkah | jewish | stoner movie,goofy | pg-13 | funny | crude humor | stupid,judaism | adam sandler | hanukkah | jewish | stoner movie | goofy | pg-13 | funny | crude humor | stupid,True
5903,Equilibrium (2002),dystopia | christian bale | totalitarianism | post-apocalyptic | amazing cinematography | thought-provoking | revolution | drugs,dystopic future | futuristic | action | dystopia | sci-fi,dystopia | christian bale | totalitarianism | post-apocalyptic | amazing cinematography | thought-provoking | revolution | drugs | dystopic future | futuristic | action | dystopia | sci-fi,True
5985,Asoka (Ashoka the Great) (2001),biography | history | religion | santosh sivan | bibliothek,indians | bollywood | cinematography | oscar (best foreign language film) | good soundtrack,biography | history | religion | santosh sivan | bibliothek | indians | bollywood | cinematography | oscar (best foreign language film) | good soundtrack,True
6056,Chaos (2001),coline serreau | r,islam | prostitution | social commentary | destiny | relationships,coline serreau | r | islam | prostitution | social commentary | destiny | relationships,True
6125,"Secret Policeman's Other Ball, The (1982)",sketch comedy | gilliam | not a movie | british sketch comedy | julien temple,funny | comedy | original | goofy | gilliam,sketch comedy | gilliam | not a movie | british sketch comedy | julien temple | funny | comedy | original | goofy | gilliam,True
6215,Laurel Canyon (2002),los angeles | lisa cholodenko | rock and roll | lou barlow | infidelity | christian bale | nudity (topless) | discussion of culture,awesome soundtrack | betrayal | adolescence | art house | addiction,los angeles | lisa cholodenko | rock and roll | lou barlow | infidelity | christian bale | nudity (topless) | discussion of culture | awesome soundtrack | betrayal | adolescence | art house | addiction,True
6225,King of Kings (1961),nicholas ray | based on a book | biblical | christianity | jesus christ | narrated | religion | 70mm,biblical | jesus | 70mm | christianity | christian,nicholas ray | based on a book | biblical | christianity | jesus christ | narrated | religion | 70mm | biblical | jesus | 70mm | christianity | christian,True
6255,"Bible, The (a.k.a. Bible... In the Beginning, The) (1966)",biblical | based on a book | christianity | religion | 70mm | clv | dimension-150 | tumey's dvds,biblical | god | animals | based on a book | sacrifice,biblical | based on a book | christianity | religion | 70mm | clv | dimension-150 | tumey's dvds | biblical | god | animals | based on a book | sacrifice,True
6260,"Robe, The (1953)",christianity | christian | 70mm | bd-video | dvd-r,biblical | jesus | christian | christianity | rome,christianity | christian | 70mm | bd-video | dvd-r | biblical | jesus | christian | christianity | rome,True
6324,It Runs in the Family (2003),,judaism | family drama | dysfunctional family | family bonds | family, | judaism | family drama | dysfunctional family | family bonds | family,True
6373,Bruce Almighty (2003),jim carrey | comedy | god | morgan freeman | religion | jennifer aniston | steve carell | funny,god | comedy | funny | very funny | silly fun,jim carrey | comedy | god | morgan freeman | religion | jennifer aniston | steve carell | funny | god | comedy | funny | very funny | silly fun,True
6442,Belle époque (1992),polyamory | disk | catholicism | faith | infidelity | second spanish republic | sister sister relationship | transgender,oscar (best foreign language film) | spanish | spain | beautifully filmed | sexy,polyamory | disk | catholicism | faith | infidelity | second spanish republic | sister sister relationship | transgender | oscar (best foreign language film) | spanish | spain | beautifully filmed | sexy,True
6468,"Stranger Among Us, A (1992)",,judaism | jews | detective | chase | police investigation, | judaism | jews | detective | chase | police investigation,True
6511,Jesus (1979),"jesus christ | most famous jesus movie ever | historical | 'h christ!\\"""" | >1000 translations | christianity | biblical | based on a myth",,"jesus christ | most famous jesus movie ever | historical | 'h christ!\\"""" | >1000 translations | christianity | biblical | based on a myth | ",True
6591,"Magdalene Sisters, The (2002)",religion | true story | ireland | nudity (full frontal - notable) | catholicism | 1960s | repression | abuse,catholicism | islam | women | sexual abuse | true story,religion | true story | ireland | nudity (full frontal - notable) | catholicism | 1960s | repression | abuse | catholicism | islam | women | sexual abuse | true story,True
6609,"Gospel According to St. Matthew, The (Vangelo secondo Matteo, Il) (1964)",jesus | austere | profound | bible | religion | jesus christ | christianity | biblical,jesus | biblical | god | christianity | compassionate,jesus | austere | profound | bible | religion | jesus christ | christianity | biblical | jesus | biblical | god | christianity | compassionate,True
6630,"Inn of the Sixth Happiness, The (1958)",christianity | mark robson,christianity | christian | god | courage | religion,christianity | mark robson | christianity | christian | god | courage | religion,True
6667,Waco: The Rules of Engagement (1997),atf | fbi | william gazecki | cover up | police | police corruption | religion | texas,brainwashing | texas | disturbing | police corruption | investigation,atf | fbi | william gazecki | cover up | police | police corruption | religion | texas | brainwashing | texas | disturbing | police corruption | investigation,True
6672,War Photographer (2001),photography | journalism | photographer | war | netflix | movielens top pick | s | christian frei,war | journalism | photography | original | social commentary,photography | journalism | photographer | war | netflix | movielens top pick | s | christian frei | war | journalism | photography | original | social commentary,True
6678,"Handmaid's Tale, The (1990)",dystopia | nudity (topless) | based on a book | futuristmovies.com | cautionary tale | compelling | fascinating | great performances,distopia | based on a book | islam | literary adaptation | pornography,dystopia | nudity (topless) | based on a book | futuristmovies.com | cautionary tale | compelling | fascinating | great performances | distopia | based on a book | islam | literary adaptation | pornography,True
6681,All the Little Animals (1998),christian bale | less than 300 ratings,,christian bale | less than 300 ratings | ,True
6682,Earth (1998),hinduism | india | islam | pakistan | 1947 | independence | partition | violence,india | bollywood | indians | brutality | foreign,hinduism | india | islam | pakistan | 1947 | independence | partition | violence | india | bollywood | indians | brutality | foreign,True
6717,Enlightenment Guaranteed (Erleuchtung Garantiert) (2000),doris dörrie | buddhism,,doris dörrie | buddhism | ,True
6760,In This World (2002),refugee | touching | michael winterbottom | r,touching | compassionate | bleak | islam | road movie,refugee | touching | michael winterbottom | r | touching | compassionate | bleak | islam | road movie,True
6768,Luther (2003),christian | religion | reformation | 16th century | luther | catholicism | god | lust for power,god | christian | historical | christianity | history,christian | religion | reformation | 16th century | luther | catholicism | god | lust for power | god | christian | historical | christianity | history,True
6948,Tupac: Resurrection (2003),music business | rap | hip hop | poverty | movie to see | lauren lazin | eric's dvds | musicians,hip hop | musicians | life & death | islam | documentary,music business | rap | hip hop | poverty | movie to see | lauren lazin | eric's dvds | musicians | hip hop | musicians | life & death | islam | documentary,True
6981,"Ordet (Word, The) (1955)",christianity | religion | criterion | sightsound | carl theodor dreyer | dreyer | dvd-r | dvd-ram,criterion | god | meditative | religion | allegory,christianity | religion | criterion | sightsound | carl theodor dreyer | dreyer | dvd-r | dvd-ram | criterion | god | meditative | religion | allegory,True
6985,"Passion of Joan of Arc, The (Passion de Jeanne d'Arc, La) (1928)",french | carl theodor dreyer | silent | best performance:  maria falconetti as joan of arc | criterion | passionate | religion | dreyer,criterion | silent | masterpiece | talky | breathtaking,french | carl theodor dreyer | silent | best performance:  maria falconetti as joan of arc | criterion | passionate | religion | dreyer | criterion | silent | masterpiece | talky | breathtaking,True
6988,Broken Blossoms or The Yellow Man and the Girl (1919),buddhism | d.w. griffith | father daughter relationship | religion | racism | racial stereotype | perfect | opium,interracial romance | silent | race issues | london | criterion,buddhism | d.w. griffith | father daughter relationship | religion | racism | racial stereotype | perfect | opium | interracial romance | silent | race issues | london | criterion,True
7060,Jesus Christ Superstar (1973),jesus | great soundtrack | rock opera | musical | religion | christian | bechdel test:fail | andrew lloyd webber,jesus | biblical | musical | good music | music,jesus | great soundtrack | rock opera | musical | religion | christian | bechdel test:fail | andrew lloyd webber | jesus | biblical | musical | good music | music,True
7144,Forget Baghdad: Jews and Arabs - The Iraqi Connection (2002),judaism,,judaism | ,True
7157,"Hebrew Hammer, The (2003)",parody | judaism | clever | blaxploitation | dvd-ram,parody | jews | judaism | funniest movies | humorous,parody | judaism | clever | blaxploitation | dvd-ram | parody | jews | judaism | funniest movies | humorous,True
7171,Aileen: Life and Death of a Serial Killer (2003),joan churchill | nick broomfield | prostitution | serial killer | hulu | netflix finland,serial killer | life & death | documentary | insanity | death penalty,joan churchill | nick broomfield | prostitution | serial killer | hulu | netflix finland | serial killer | life & death | documentary | insanity | death penalty,True
7177,Osama (2003),afghanistan | islam | women's rights | why militant islam is so scary | pg13 | religion | middle east | impostor,islam | women | foreign | social commentary | brutality,afghanistan | islam | women's rights | why militant islam is so scary | pg13 | religion | middle east | impostor | islam | women | foreign | social commentary | brutality,True
7205,"Wind and the Lion, The (1975)",sean connery | candice bergen | less than 300 ratings | john milius | 70mm | anamorphic blow-up | bd-r | clv,islam | historical | adventure | history | desert,sean connery | candice bergen | less than 300 ratings | john milius | 70mm | anamorphic blow-up | bd-r | clv | islam | historical | adventure | history | desert,True
7240,King David (1985),biography | history | based on a book | based on a myth | biblical | christianity | nudity (topless) | religion,,biography | history | based on a book | based on a myth | biblical | christianity | nudity (topless) | religion | ,True
7243,Intolerance: Love's Struggle Throughout the Ages (1916),usa film registry | epic | 100 greatest movies | long | afi | hdtv | d.w. griffith | religion,silent | storytelling | visually appealing | epic | masterpiece,usa film registry | epic | 100 greatest movies | long | afi | hdtv | d.w. griffith | religion | silent | storytelling | visually appealing | epic | masterpiece,True
7260,Latter Days (2003),christianity | mormon | religion | homophobia | low budget | comedy romance | religious oppression | gay,gay | gay character | homosexuality | glbt | homophobia,christianity | mormon | religion | homophobia | low budget | comedy romance | religious oppression | gay | gay | gay character | homosexuality | glbt | homophobia,True
